Algorithm,Gear1,Gear2,Gear3,Gear4,OptimalCost,Rank
EPLO,43,16,19,49,2.70085444802936e-12,1
BKA,43,16,19,49,2.70085714888651e-12,2
WOA,49,19,16,43,2.70085714888651e-12,3
SCA,34,20,13,53,2.30781573331276e-11,4
FOX,49,31,13,57,9.93987559521747e-11,5
HHO,43,13,21,44,1.54504504998908e-10,6
ALO,50,23,16,51,1.1834093601127e-09,7
PLO,59,22,12,31,3.82483686627799e-09,8
MFO,27,12,12,37,1.82738023529958e-08,9
BA,34,17,17,59,4.4744163568942e-08,10
GSA,57,29,15,53,8.25235714563727e-08,11
