Algorithm,GearTeeth,OptimalCost,Rank
BKA,[53 15 26 51],2.307816e-11,2
WOA,[43 19 16 49],2.700857e-12,1
SCA,[43 16 19 49],2.700857e-12,4
FOX,[37 21 15 59],3.067556e-10,10
PLO,[39 12 15 32],2.357641e-09,5
EPLO,[51 26 15 53],2.307816e-11,3
ALO,[49 19 16 43],2.700857e-12,6
BA,[36 19 14 51],1.117291e-08,9
GSA,[51 17 19 44],1.155530e-07,11
HHO,[34 20 13 53],2.307816e-11,7
MFO,[58 12 42 60],3.005906e-07,8
